<?xml version="1.0" encoding="UTF-8" ?>
<!DOCTYPE mapper PUBLIC "-//mybatis.org//DTD Mapper 3.0//EN" 
"http://mybatis.org/dtd/mybatis-3-mapper.dtd">

<mapper namespace="com.hjcrm.entity">

	<!-- 根据部门ID，查询部门下的所有角色 -->
	<select id="queryRoleByDeptid" parameterType="java.util.Map" resultType="com.hjcrm.system.entity.Role">
		select 
			r.roleid,r.rolename,r.deptid,r.dr
		from hj_role r
		where 1=1 and r.dr = 0
		<if test="deptid != null">
			and r.deptid = #{deptid}
		</if>
	</select>
	
	<!-- 修改角色对应的菜单，删除对应关系 -->
	<delete id="deleteRoleMenu" parameterType="java.util.Map">
		 delete  from hj_role_menu  where 1=1 and  dr = 0 and  roleid = #{roleid}
	</delete>
	
	<!-- 根据部门ID，查询部门下的所有角色 -->
	<select id="queryAllRole" parameterType="java.util.Map" resultType="com.hjcrm.system.entity.Role">
		select  r.roleid,r.rolename,r.deptid,r.dr, (select d.deptname from hj_dept d where 1=1 and d.dr = 0  and d.deptid = r.deptid) deptname, (select group_concat(m.menuname separator ',' ) menuname from hj_menu m ,hj_role_menu rm  where 1=1 and m.dr = 0 and rm.dr = 0 and rm.roleid = r.roleid  and  rm.menuid = m.menuid ) menuname   from hj_role r where 1=1 and r.dr = 0  
	</select>
	
	
</mapper> 
